epoch,training_total_loss,training_bce_loss,training_residual_penalty,outer_gate
1,0.7867945989695462,0.7862802457809448,0.05143511142782617,0.11567159742116928
2,0.7001169391653754,0.6950537055188959,0.5063233374465596,0.1176113411784172
3,0.6878347367228884,0.6811537301901615,0.6681004962054166,0.11823653429746628
4,0.6775082564353943,0.6700386756116694,0.7469583940867222,0.11778991669416428
5,0.6800877061757175,0.6733755914370219,0.6712116593664342,0.11699309200048447
6,0.6743414596716563,0.6673033780762644,0.7038080361395171,0.11778809130191803
7,0.6642923616369565,0.656729404872114,0.7562954310937361,0.11754927784204483
8,0.6624421305367441,0.6542507594281977,0.819136914917917,0.11792318522930145
9,0.6643782847577875,0.6559165024034904,0.8461784012389906,0.11699570715427399
